"id","kjonn","alder","okonomi","polskala","abort"
1,0,55,2,2,4
2,0,53,NA,2,5
5,1,36,2,1,4
7,1,22,2,2,4
9,1,46,3,1,5
10,1,23,2,2,1
11,1,19,2,2,4
13,1,25,2,1,4
17,0,64,2,2,NA
19,1,22,2,2,3
21,1,48,2,2,3
23,0,39,2,2,4
25,1,22,2,1,2
27,1,68,2,6,1
28,1,42,2,1,5
30,1,34,2,1,1
31,0,27,3,2,5
33,0,74,2,2,1
34,0,47,2,5,5
35,0,68,3,2,3
36,1,23,2,1,5
41,1,32,2,1,4
42,0,17,2,1,4
44,1,55,2,2,4
46,1,18,2,1,5
47,0,35,NA,NA,4
49,0,76,2,4,2
50,1,43,2,1,4
51,1,26,2,2,4
52,1,21,2,1,4
59,1,69,2,2,2
62,1,63,3,2,5
66,0,22,1,2,1
67,1,23,2,1,4
69,0,37,3,2,2
72,0,32,1,2,4
73,1,40,2,2,4
76,1,35,3,1,5
77,1,49,3,2,5
81,1,45,2,2,NA
82,1,32,2,2,4
83,0,16,2,1,3
84,1,25,2,2,4
87,1,38,2,6,1
89,0,24,2,1,5
91,1,72,3,3,3
93,1,29,3,5,1
94,1,67,1,2,5
97,0,75,2,5,2
98,0,45,2,2,4
101,0,71,2,4,3
102,1,67,2,1,4
105,0,29,2,1,3
106,1,27,2,1,4
108,1,22,2,1,5
109,1,31,2,2,2
111,0,53,3,5,4
112,1,74,2,4,1
114,1,60,2,1,4
115,1,63,2,1,2
117,NA,27,3,1,5
118,1,30,3,2,NA
119,0,28,1,1,2
120,1,40,3,2,4
122,1,20,2,2,5
123,1,19,3,2,4
124,1,16,3,6,NA
125,1,27,2,2,3
126,1,26,NA,2,4
127,1,34,2,2,5
128,1,32,3,2,4
129,1,29,2,1,4
131,1,39,3,1,2
132,1,49,2,2,4
133,1,41,2,2,3
134,1,21,NA,2,1
136,0,53,3,1,2
137,1,66,3,1,3
138,1,78,3,2,2
139,0,16,2,1,3
141,1,37,2,NA,3
142,0,39,1,3,4
145,1,73,2,1,4
146,1,21,3,1,4
147,1,27,3,2,3
148,1,23,2,1,5
154,1,20,2,1,4
155,1,32,1,1,4
157,1,68,3,2,5
158,0,70,2,2,2
159,0,20,1,1,3
160,1,55,2,2,4
161,1,45,1,2,4
162,1,70,3,NA,NA
163,1,40,2,2,4
164,1,21,2,4,2
165,1,40,2,1,4
167,1,43,2,1,4
169,1,72,2,2,4
171,1,41,2,3,2
172,1,27,2,2,3
177,1,37,2,2,5
181,1,72,2,2,4
182,1,19,2,6,2
183,1,29,2,1,5
184,1,53,2,2,4
185,0,17,3,2,3
187,0,16,2,2,5
188,1,23,2,1,4
190,1,28,3,1,4
191,1,49,2,1,4
192,0,69,2,2,2
193,0,28,2,6,2
194,1,36,2,2,4
197,0,17,3,2,5
198,1,22,2,2,4
202,1,45,2,1,4
203,1,29,3,2,NA
204,0,17,2,1,1
205,1,38,2,2,4
206,NA,76,1,NA,4
207,1,45,2,2,4
208,1,39,NA,2,4
209,1,40,3,2,4
211,0,50,2,2,2
212,1,50,2,1,4
216,0,62,NA,2,NA
218,1,41,3,2,4
219,1,36,3,2,5
220,1,47,3,3,4
221,0,25,2,2,1
222,0,17,2,1,4
225,0,41,2,5,1
226,1,19,1,1,5
229,0,58,2,2,4
230,0,52,3,2,1
232,1,58,2,2,4
234,1,59,3,3,3
237,0,40,2,1,4
239,1,58,2,2,4
240,0,69,2,5,2
242,0,72,2,1,NA
244,0,46,3,1,5
245,1,46,2,3,2
246,0,43,2,2,4
248,1,69,3,2,3
249,0,44,3,2,4
250,0,46,2,2,4
251,0,48,2,3,4
254,0,21,2,5,1
257,0,34,1,2,5
260,0,43,2,1,4
262,0,34,2,2,4
264,0,38,2,2,5
267,1,19,3,1,3
269,1,56,2,2,3
273,0,58,2,3,1
275,1,20,2,1,4
276,0,54,2,2,4
277,1,27,3,1,4
278,1,33,2,2,NA
280,0,44,3,3,NA
288,1,37,2,1,5
291,0,19,2,1,4
292,0,40,2,2,4
293,0,31,2,2,2
294,1,27,2,1,NA
295,1,41,2,2,1
297,0,57,3,5,1
298,1,27,2,5,3
299,1,20,2,1,NA
300,0,16,3,2,4
301,0,23,2,1,4
303,0,52,2,1,4
304,1,64,2,2,5
308,1,71,2,2,4
309,0,25,2,2,1
311,0,22,2,1,2
312,0,73,2,2,3
317,1,26,2,1,4
319,1,62,3,2,NA
321,0,44,2,1,4
323,0,18,2,1,1
324,1,32,2,3,1
325,0,31,2,2,2
326,1,24,2,2,5
327,1,35,2,1,5
332,0,48,2,2,1
333,1,19,2,1,5
334,1,38,1,4,4
335,0,69,2,2,NA
336,1,38,1,2,4
337,0,75,2,1,4
338,0,67,3,1,5
343,1,38,2,2,3
346,1,21,1,2,5
348,0,30,2,2,4
351,1,42,2,1,5
352,0,56,2,2,NA
354,1,62,2,2,4
355,1,73,2,2,3
357,1,33,2,2,5
360,1,36,2,2,3
362,1,45,3,3,4
363,1,45,2,1,5
365,1,21,1,2,5
366,1,79,2,5,2
370,0,18,3,1,3
371,1,43,3,6,1
373,0,44,2,2,2
376,1,47,3,1,4
377,1,40,3,2,5
380,1,26,2,NA,NA
382,0,72,2,3,3
383,1,28,2,1,5
385,0,30,2,6,2
386,1,47,3,1,5
391,1,27,2,1,5
392,1,58,2,3,2
393,1,51,2,2,3
394,1,40,3,1,4
398,0,20,2,1,2
399,0,68,2,1,1
400,1,74,NA,1,3
402,0,38,1,1,4
405,0,58,2,3,4
406,0,24,2,1,4
408,1,27,2,2,4
409,0,16,3,2,5
410,0,22,2,2,2
412,1,31,NA,2,4
413,1,20,NA,2,4
415,1,70,2,1,3
416,0,69,2,2,5
417,0,36,1,4,3
418,0,44,2,3,4
419,0,37,2,1,1
420,1,18,3,2,5
421,1,20,1,NA,1
423,1,23,2,2,4
424,1,41,3,2,4
427,0,36,2,2,2
428,0,52,3,2,5
430,0,31,2,2,4
433,1,35,3,1,3
434,1,39,2,2,4
439,0,30,2,2,2
442,1,27,1,3,5
443,0,47,2,2,4
445,0,43,2,1,4
446,1,26,2,2,4
448,1,28,3,2,4
449,0,60,2,2,4
450,1,40,3,2,4
455,0,70,2,6,1
459,0,30,2,1,4
462,1,47,3,5,1
463,0,73,NA,3,2
464,1,28,3,1,4
467,1,45,1,2,4
469,0,36,2,1,2
471,1,20,2,2,5
472,1,25,3,2,4
473,1,22,2,1,5
476,0,32,2,2,1
477,1,53,2,2,3
478,1,50,2,2,3
479,0,37,2,5,1
481,1,45,3,1,5
483,1,65,3,6,2
484,0,45,1,2,5
487,1,16,2,1,5
488,0,37,2,2,4
489,1,36,2,5,1
490,0,74,2,1,1
494,1,40,1,6,1
495,0,51,2,1,2
496,1,31,2,2,5
497,1,39,3,3,3
498,0,45,2,2,4
500,0,35,2,1,1
502,0,26,3,NA,5
503,1,25,2,1,4
504,1,42,2,1,5
505,1,38,3,1,4
508,1,28,3,2,1
509,0,37,2,2,3
511,1,20,3,3,2
512,0,31,2,3,4
517,1,52,3,2,4
518,1,22,2,1,5
519,0,24,2,5,1
520,1,22,2,6,2
527,0,20,NA,1,1
529,1,24,2,1,4
530,1,52,2,3,3
532,0,33,3,2,1
533,1,48,2,1,4
536,1,26,1,3,4
540,0,43,2,2,1
541,1,22,2,1,5
542,1,28,2,2,4
543,0,67,3,1,2
544,0,40,2,2,NA
545,0,70,2,1,2
546,0,44,2,1,5
547,1,61,2,2,4
548,1,38,1,3,4
552,1,42,3,2,1
553,0,44,1,1,3
554,1,67,2,6,1
556,0,50,2,2,4
557,1,44,1,2,2
558,1,50,2,2,3
559,1,35,2,1,4
560,1,48,2,2,4
563,1,40,2,1,4
565,0,18,2,1,5
566,1,39,2,3,3
567,1,20,2,2,4
572,0,44,2,6,5
576,0,54,1,6,1
577,0,61,2,2,3
580,1,27,2,1,5
582,1,36,2,2,2
584,1,49,2,2,5
586,1,64,2,2,NA
587,1,25,2,2,4
588,0,16,2,3,1
589,1,54,2,2,5
591,0,77,2,1,NA
592,1,64,2,4,1
594,1,35,2,2,2
596,0,49,2,2,4
597,1,44,1,1,4
599,0,16,3,1,5
600,1,37,3,2,4
601,1,25,2,1,5
602,1,30,2,1,5
603,1,24,2,6,1
604,1,22,3,2,1
605,1,78,3,3,4
606,1,51,2,3,2
610,0,47,NA,2,4
611,1,21,NA,6,2
617,0,16,3,1,NA
618,0,22,2,2,5
619,0,67,2,3,2
622,1,30,2,2,4
623,1,40,2,2,5
624,1,51,3,2,4
627,1,32,1,2,5
630,1,46,3,5,1
632,1,45,2,4,1
635,0,41,3,2,3
636,0,18,2,1,3
637,1,18,2,6,2
638,1,42,2,1,5
639,1,56,2,3,2
642,1,37,3,2,4
643,1,17,1,2,4
646,0,16,3,2,NA
648,0,39,1,1,1
650,1,31,1,1,5
651,0,37,2,2,3
652,1,19,2,1,4
653,1,41,3,2,1
654,1,45,3,1,4
655,1,33,2,1,4
659,1,68,3,2,3
660,1,22,3,2,4
661,0,49,2,2,5
664,1,69,3,3,2
667,1,24,3,2,5
668,1,26,2,2,4
669,1,32,3,2,2
670,0,68,2,2,3
675,1,40,2,1,3
676,1,59,2,2,2
678,1,62,2,2,2
679,0,16,3,1,4
680,0,17,2,6,1
683,1,29,2,2,5
684,0,44,2,1,4
686,0,72,2,2,5
689,1,24,2,1,2
691,1,39,3,3,NA
692,0,68,1,2,3
693,1,45,2,2,4
694,0,17,3,1,5
697,1,57,2,2,2
699,1,34,3,2,5
701,0,66,2,2,2
703,0,40,3,1,2
705,0,39,2,1,4
708,0,69,2,2,4
709,0,22,2,5,4
710,1,48,2,2,2
713,1,19,2,1,5
714,NA,29,1,1,5
716,1,44,3,1,2
717,1,25,3,1,2
718,0,62,2,1,1
720,0,16,2,6,2
721,1,38,3,2,4
722,1,38,2,1,3
725,1,20,3,1,3
726,1,37,2,2,3
727,0,45,2,1,4
728,1,54,2,2,4
730,1,40,3,3,1
732,0,45,2,2,3
735,0,33,2,2,4
736,1,62,2,1,4
737,1,57,3,1,4
738,1,59,2,3,3
740,0,45,3,1,4
742,0,36,2,1,5
743,1,32,3,2,5
744,1,28,3,2,5
745,0,70,2,2,NA
746,1,28,2,2,4
748,1,48,NA,2,1
751,0,44,3,2,3
752,1,19,2,2,3
753,1,40,2,1,1
757,NA,70,2,NA,4
758,1,38,2,2,4
759,1,77,2,3,3
760,1,54,1,2,3
761,1,37,1,3,2
763,1,32,2,2,4
764,1,48,2,1,2
765,1,22,2,1,5
766,1,28,2,2,4
767,1,51,3,2,4
768,1,40,2,3,3
769,1,49,2,2,4
771,1,62,2,1,1
772,NA,65,2,1,4
773,1,55,2,2,4
775,1,61,2,1,4
776,1,26,2,2,4
778,1,61,1,2,2
780,1,51,1,6,1
782,1,46,2,5,1
783,1,47,2,1,4
785,0,45,2,1,5
786,1,51,3,2,1
788,1,29,1,1,5
789,1,31,2,1,3
790,0,49,1,3,1
791,0,41,3,1,4
794,0,16,1,2,4
795,0,36,2,2,2
796,0,23,2,1,4
801,1,50,2,1,4
802,1,29,2,1,3
803,1,28,3,2,3
805,1,29,1,1,4
806,0,69,2,2,4
809,1,35,2,1,4
810,0,79,2,6,2
811,0,18,2,5,3
812,1,19,3,1,NA
813,0,44,1,1,5
815,0,17,3,2,2
816,1,23,2,1,4
817,0,46,2,1,4
818,1,50,2,1,4
820,0,47,1,2,1
821,1,32,3,2,2
822,1,46,2,1,5
823,1,61,3,5,1
825,1,29,3,1,5
826,1,35,2,1,4
827,1,50,2,2,5
828,1,56,2,1,4
829,1,24,3,3,2
831,NA,28,1,5,4
832,1,40,2,2,4
834,1,37,3,2,5
837,1,37,3,1,4
838,1,24,2,1,5
840,1,36,3,1,4
842,0,50,3,2,4
844,0,18,NA,6,1
845,1,31,2,2,4
847,1,25,2,1,5
848,0,48,2,3,2
850,1,27,2,2,2
851,1,23,NA,1,3
854,1,58,2,2,2
855,0,62,3,6,1
859,1,23,2,1,4
860,1,50,3,3,2
862,0,62,2,3,4
864,0,53,2,2,4
865,1,57,2,5,1
867,1,22,3,1,4
868,1,37,3,2,3
870,1,33,2,2,3
871,0,24,1,1,3
873,0,33,2,1,4
880,0,25,2,3,3
881,1,18,2,2,3
882,1,33,2,2,5
884,0,34,3,4,3
885,1,42,2,2,4
886,1,21,2,2,4
888,1,47,2,2,4
889,1,54,3,2,2
890,1,22,2,1,5
893,1,32,1,1,5
894,1,54,2,2,2
898,1,23,2,1,4
901,1,51,3,3,4
903,1,42,2,2,4
908,0,62,2,6,2
910,0,61,3,1,4
911,1,63,2,3,NA
912,1,27,2,3,4
915,0,43,2,1,5
916,1,44,1,1,4
917,0,17,2,2,5
918,1,75,2,1,5
920,1,22,2,1,5
921,1,22,2,1,2
924,0,42,2,2,5
926,0,44,2,2,4
929,1,47,3,2,4
932,0,46,1,1,4
933,1,32,2,1,4
934,1,45,2,1,5
937,0,47,2,2,4
938,1,26,2,1,5
939,1,44,2,2,NA
940,1,36,1,1,5
942,1,31,3,1,4
945,1,31,1,1,4
946,0,16,3,2,5
950,1,27,2,1,3
951,0,63,2,2,3
953,1,31,2,2,3
954,1,42,2,3,2
959,1,38,3,2,4
960,1,23,2,6,1
962,1,23,3,1,1
963,1,34,3,5,NA
964,1,31,3,1,3
965,1,37,2,1,4
966,1,28,1,2,4
967,1,28,3,1,5
969,0,77,2,3,2
970,0,16,2,1,2
972,1,55,2,6,1
973,0,45,3,3,2
974,1,47,3,2,4
975,0,77,3,3,2
977,1,49,2,2,4
978,1,64,3,1,4
979,1,19,2,1,5
980,1,57,2,2,4
981,1,36,2,2,4
983,1,26,2,2,4
986,1,26,2,1,4
989,0,53,2,1,4
991,0,18,2,2,2
992,0,56,2,2,4
996,1,43,2,2,2
999,1,48,2,NA,3
1000,0,67,2,2,5
1001,1,41,2,6,4
1002,0,75,2,2,5
1003,1,22,2,1,2
1005,1,40,2,2,4
1006,1,20,3,1,5
1007,0,66,2,1,3
1008,1,19,2,1,4
1010,1,68,3,4,2
1011,1,22,3,3,5
1012,1,40,2,2,1
1014,1,30,2,1,4
1015,1,37,2,3,3
1017,1,56,2,2,4
1018,0,31,1,2,3
1020,1,34,2,2,4
1021,1,33,2,2,4
1023,1,28,2,1,4
1024,1,19,3,2,2
1026,1,20,NA,1,5
1027,0,59,NA,1,4
1028,1,27,3,1,3
1029,1,34,3,1,NA
1030,1,60,3,1,5
1031,1,22,2,4,1
1032,1,28,2,2,NA
1033,0,69,2,3,2
1034,1,44,3,1,2
1035,1,22,2,3,5
1037,1,21,1,2,5
1038,1,36,3,1,5
1040,1,20,1,1,5
1041,1,54,2,4,2
1042,1,17,3,1,5
1043,1,40,2,2,5
1045,1,42,2,2,2
1046,1,20,2,2,5
1047,0,19,2,1,4
1049,0,28,2,2,4
1051,1,51,2,5,2
1058,0,67,2,2,2
1059,1,41,1,1,4
1060,1,32,2,1,5
1061,1,32,2,1,5
1063,1,22,1,5,1
1065,1,25,3,1,5
1066,0,59,2,2,2
1069,0,37,2,2,5
1070,1,32,3,2,4
1071,1,47,3,3,5
1072,1,51,3,2,4
1073,1,23,2,3,4
1075,1,29,2,6,NA
1076,1,17,2,1,4
1077,0,20,3,2,5
1078,1,38,3,1,5
1080,1,21,3,2,4
1087,1,34,1,1,3
1090,1,36,2,1,4
1091,0,38,2,1,2
1098,0,44,3,2,5
1100,1,35,3,1,4
1102,0,16,2,1,4
1103,1,40,2,2,5
1105,0,18,3,1,5
1106,1,45,2,1,5
1109,1,19,3,2,4
1110,0,17,2,1,5
1113,0,58,2,1,2
1115,1,31,3,1,5
1118,0,66,2,3,NA
1119,1,70,2,3,4
1120,0,47,2,2,3
1122,0,25,3,1,3
1123,1,47,1,5,2
1124,1,18,2,1,3
1127,1,61,2,1,4
1129,1,42,2,2,5
1133,0,18,2,2,4
1134,1,48,1,6,4
1135,1,79,2,3,3
1137,1,34,1,2,4
1138,1,21,2,2,3
1139,1,40,3,1,2
1140,0,71,2,2,1
1145,0,16,2,2,5
1147,1,54,2,3,4
1148,1,45,2,1,4
1149,1,20,3,2,4
1150,0,56,2,2,4
1152,0,62,2,1,4
1154,0,18,3,1,5
1155,1,25,2,1,5
1156,1,41,2,1,5
1157,1,20,3,2,2
1161,1,26,3,2,2
1163,1,26,2,1,4
1164,1,19,NA,2,4
1166,0,38,2,1,2
1171,0,17,2,1,4
1172,1,28,2,1,2
1173,1,29,3,2,4
1174,0,16,2,2,4
1175,1,22,2,1,1
1176,1,19,2,1,5
1177,1,33,3,1,4
1178,1,48,2,1,4
1180,1,19,2,2,3
1181,1,47,1,2,4
1182,1,52,3,2,1
1184,1,42,3,1,5
1185,1,29,3,2,5
1186,1,56,1,2,4
1191,0,39,2,2,4
1192,0,45,2,1,4
1193,1,57,NA,2,4
1194,0,18,2,2,3
1195,0,27,2,1,1
1202,1,68,3,2,4
1204,1,41,1,2,2
1206,0,17,2,1,4
1209,1,44,3,1,4
1212,1,26,2,1,1
1216,1,34,2,2,NA
1217,1,33,2,1,4
1220,0,24,3,1,NA
1221,1,20,3,2,3
1222,1,62,1,2,4
1223,1,29,3,1,5
1224,0,51,2,3,NA
1226,1,37,2,2,4
1227,1,49,2,1,5
1229,1,47,2,2,4
1231,1,45,1,1,4
1232,1,30,3,1,NA
1238,1,28,3,2,4
1240,1,34,1,2,1
1242,1,62,3,2,4
1243,1,34,2,1,5
1244,1,68,2,3,4
1245,1,44,1,5,2
1247,1,36,3,2,4
1255,1,22,3,1,5
1256,1,57,3,2,2
1260,1,20,NA,1,3
1261,0,17,NA,1,3
1268,1,21,2,2,3
1269,1,25,2,2,3
1270,0,64,3,2,1
1271,0,53,3,3,NA
1272,0,23,1,1,5
1274,1,26,2,2,4
1276,1,46,2,2,4
1278,1,43,2,2,4
1279,1,67,2,2,3
1280,1,57,3,3,NA
1281,1,21,2,1,4
1285,1,35,3,1,3
1288,1,44,1,2,3
1289,0,79,2,3,4
1291,1,26,2,2,4
1293,1,59,3,2,5
1294,0,50,3,2,4
1296,1,68,3,3,2
1299,1,23,2,2,4
1301,1,19,2,2,4
1302,1,45,2,5,1
1303,1,19,2,1,4
1306,1,43,3,3,5
1308,1,34,2,1,3
1309,1,24,1,2,5
1312,1,24,3,1,5
1313,1,63,2,1,5
1315,0,24,3,1,4
1316,1,33,1,1,4
1317,1,24,3,2,3
1318,1,49,2,2,3
1319,1,49,2,1,4
1320,1,34,2,1,2
1321,1,48,3,2,4
1323,1,22,2,2,4
1325,1,32,2,6,4
1327,0,57,2,2,4
1328,1,28,3,1,5
1330,1,41,2,2,3
1331,1,54,2,2,3
1332,1,64,2,1,5
1333,1,67,2,3,2
1334,0,34,2,3,2
1336,0,73,2,2,4
1337,1,62,2,3,2
1338,1,32,1,4,1
1339,1,30,2,2,NA
1340,1,25,2,3,2
1344,1,21,2,6,1
1345,0,69,2,3,5
1346,1,72,2,4,1
1347,0,16,2,3,NA
1348,1,35,3,1,4
1349,1,20,2,1,3
1352,1,49,1,5,1
1353,0,65,1,4,1
1354,1,22,2,1,4
1356,0,70,2,3,4
1357,1,27,2,1,4
1358,1,40,2,1,5
1359,1,56,2,1,4
1360,1,29,2,1,2
1362,1,64,3,1,1
1364,1,24,2,1,3
1366,1,29,2,2,4
1368,1,54,3,6,1
1369,0,67,2,2,5
1371,1,68,2,2,4
1374,1,67,2,2,2
1376,0,62,2,2,3
1378,0,60,2,1,2
1379,1,50,2,2,3
1380,1,18,2,2,4
1383,1,61,2,6,1
1385,1,26,2,2,5
1386,1,42,2,2,5
1389,1,26,2,1,4
1392,0,62,2,1,4
1393,1,47,2,2,3
1395,1,71,2,1,2
1397,1,45,3,2,4
1399,0,54,2,6,2
1400,1,48,3,1,4
1402,1,23,1,2,4
1404,1,49,2,2,5
1405,1,50,3,2,2
1407,1,32,2,2,2
1409,1,72,3,2,4
1410,1,67,2,1,4
1411,1,29,1,2,3
1413,1,74,3,2,4
1414,0,17,3,2,2
1415,1,19,3,2,5
1416,1,22,NA,5,1
1417,1,61,2,2,NA
1418,0,76,3,1,NA
1419,0,41,2,2,3
1420,0,72,3,2,4
1421,1,20,NA,1,5
1422,1,49,1,2,5
1423,1,68,2,2,4
1424,1,57,3,1,4
1426,0,41,2,3,4
1429,1,45,3,2,5
1430,1,35,3,3,2
1432,1,59,3,2,4
1433,0,17,2,1,NA
1434,0,21,2,1,4
1435,1,50,3,2,4
1438,0,60,2,2,4
1439,1,71,2,1,4
1441,1,42,2,2,3
1442,1,70,2,2,3
1443,0,75,2,2,4
1444,1,42,2,1,3
1445,1,44,2,3,2
1446,0,58,2,2,2
1447,1,57,2,2,3
1449,1,35,3,3,5
1452,0,76,1,3,1
1454,1,19,3,2,5
1455,0,71,2,3,4
1456,1,50,2,1,4
1457,1,36,2,2,5
1460,0,18,2,2,2
1461,1,35,2,1,4
1462,1,42,2,1,4
1463,1,34,3,3,4
1466,0,39,2,1,3
1467,1,20,3,1,5
1468,0,71,2,1,4
1471,1,25,2,2,4
1473,1,21,NA,2,5
1474,1,30,2,2,4
1475,1,75,3,2,2
1476,1,49,2,2,5
1480,1,53,2,1,3
1482,1,52,2,2,2
1486,0,71,2,3,3
1487,1,31,2,2,3
1489,1,49,2,2,2
1491,1,19,2,2,2
1492,1,16,2,1,4
1494,1,27,2,2,5
1497,1,67,2,3,1
1498,0,16,2,1,4
1499,1,25,2,2,2
1501,1,38,1,1,4
1502,0,16,3,1,5
1504,1,18,2,1,1
1505,0,31,1,2,2
1506,0,56,2,3,NA
1509,0,75,3,6,5
1510,0,46,3,5,2
1512,1,47,1,1,5
1514,0,73,2,2,3
1516,1,32,3,2,5
1517,1,32,2,1,5
1519,1,47,2,3,4
1522,1,51,3,2,4
1523,0,54,2,4,4
1524,1,51,2,1,4
1526,0,17,2,2,4
1527,1,43,3,2,2
1528,0,18,3,2,4
1529,1,44,2,1,4
1530,0,43,2,1,1
1531,0,53,2,2,2
1532,1,55,3,2,4
1533,1,41,2,3,5
1536,1,53,2,2,4
1538,1,45,2,1,4
1539,1,47,2,2,3
1540,1,50,2,3,2
1542,1,30,2,1,5
1543,1,18,2,2,4
1544,0,19,2,2,5
1545,1,53,2,2,2
1546,1,26,2,1,2
1548,1,37,2,2,1
1551,1,58,3,2,4
1552,1,41,1,6,1
1555,1,26,1,3,1
1556,1,32,2,1,5
1558,1,38,2,1,5
1560,1,25,NA,1,4
1561,1,22,2,2,5
1562,1,18,2,2,4
1564,1,52,3,1,4
1567,1,59,3,2,2
1568,0,71,3,2,NA
1571,1,20,2,1,5
1573,0,24,3,1,3
1574,0,49,2,2,1
1575,0,17,2,2,2
1576,1,44,3,1,5
1577,1,30,1,1,4
1578,1,33,2,2,2
1579,1,37,2,2,4
1580,1,34,3,1,5
1584,0,43,2,3,2
1586,0,30,2,1,1
1588,0,37,1,2,5
1589,1,27,2,1,4
1591,1,43,2,2,4
1592,1,19,2,1,4
1593,1,67,3,1,4
1594,1,50,3,2,3
1596,0,43,2,2,5
1598,1,48,2,2,3
1599,1,33,2,1,5
1601,1,41,1,2,4
1603,1,60,3,2,4
1604,1,57,3,5,2
1609,0,36,3,6,1
1610,0,70,2,3,4
1612,1,32,2,1,1
1613,1,22,1,1,2
1616,1,33,2,2,4
1620,1,33,2,2,1
1622,0,16,2,2,4
1623,0,61,3,2,4
1624,1,26,3,1,3
1627,1,68,2,1,4
1630,1,24,2,1,4
1631,1,20,2,3,4
1632,1,52,3,1,4
1634,1,29,3,2,2
1636,0,49,2,1,4
1637,0,35,2,4,3
1638,1,25,2,2,3
1639,1,45,2,2,3
1641,1,25,2,2,4
1642,0,49,3,2,1
1643,1,21,1,2,4
1645,1,33,2,2,2
1647,1,49,2,5,1
1649,1,39,1,2,1
1651,1,37,2,2,4
1652,1,31,2,2,5
1653,1,20,2,2,5
1656,1,20,3,2,3
1657,1,24,2,1,4
1658,0,18,NA,2,4
1660,0,49,2,2,3
1662,1,22,NA,6,1
1664,1,27,2,1,4
1667,1,52,3,4,2
1668,1,41,2,1,5
1670,0,44,2,1,4
1673,1,50,3,2,2
1674,1,58,2,2,4
1675,1,77,2,3,4
1677,1,52,2,2,5
1681,0,39,1,3,4
1682,1,32,3,NA,4
1683,1,27,2,2,NA
1685,1,51,3,2,4
1686,1,28,1,1,2
1688,1,48,3,6,1
1689,1,31,2,4,2
1690,1,50,3,2,4
1691,1,26,1,1,5
1695,1,28,2,2,5
1697,1,27,2,2,4
1699,1,47,3,3,2
1701,1,51,2,6,2
1702,1,67,2,2,2
1704,1,41,3,2,4
1706,1,43,2,2,NA
1707,1,48,2,2,4
1708,1,36,2,2,3
1710,1,20,2,1,4
1712,1,28,2,1,3
1713,1,33,3,2,2
1714,1,32,2,2,5
1716,0,70,2,2,3
1717,1,26,2,2,2
1719,1,35,3,1,2
1720,1,19,2,2,4
1721,1,45,2,1,5
1723,1,30,2,2,4
1725,1,31,2,1,4
1727,1,23,3,2,4
1728,1,76,3,5,2
1729,1,31,3,1,5
1730,1,31,2,2,5
1737,1,66,2,1,NA
1741,1,59,3,5,1
1742,1,30,2,2,4
1744,0,49,2,2,4
1745,1,60,NA,2,1
1747,0,59,3,2,5
1748,0,72,3,1,NA
1749,1,22,2,2,NA
1750,1,45,3,4,2
1752,0,56,3,2,5
1753,1,19,2,1,5
1754,0,56,2,2,1
1755,0,47,2,1,5
1756,1,20,2,2,4
1758,0,22,2,2,2
1759,0,32,2,3,NA
1760,1,35,2,1,5
1761,0,57,2,1,3
1762,1,40,2,1,5
1763,1,30,3,2,4
1765,0,73,3,1,4
1768,0,17,2,2,3
1774,0,43,2,2,1
1775,0,35,2,1,1
1776,0,51,2,1,2
1777,0,65,1,2,4
1778,0,61,2,6,1
1780,0,63,1,1,4
1781,1,27,2,1,2
1785,0,35,2,1,5
1786,1,64,2,4,1
1790,0,20,2,NA,NA
1791,0,79,3,2,4
1794,0,73,3,3,2
1795,0,67,2,2,NA
1796,0,62,2,2,5
1797,1,77,3,1,4
1798,0,19,1,2,5
1800,0,67,2,1,4
1801,1,55,3,2,1
1804,1,63,3,1,4
1805,1,33,2,1,4
1807,1,30,2,2,2
1809,1,31,1,1,4
1810,1,56,2,1,5
1811,0,69,2,2,4
1812,0,20,2,2,5
1813,1,63,3,1,4
1815,0,76,2,3,1
1816,1,59,2,4,3
1817,1,56,2,2,4
1818,1,32,3,3,3
1819,1,20,2,3,4
1822,1,58,NA,1,NA
1823,1,28,3,2,2
1824,0,63,2,2,5
1828,1,30,2,3,4
1829,1,70,1,5,4
1830,1,41,2,2,5
1832,1,52,3,1,4
1834,1,65,3,NA,4
1837,1,31,2,5,1
1838,1,29,2,1,4
1839,1,34,3,1,4
1840,0,46,1,1,5
1842,1,24,3,2,4
1844,1,38,2,1,5
1845,1,66,3,6,NA
1846,1,36,2,2,2
1847,0,71,1,2,NA
1849,0,77,2,4,2
1852,1,40,2,1,4
1854,1,33,2,2,4
1856,0,50,2,2,4
1858,0,30,NA,2,1
1860,1,27,NA,6,5
1862,1,34,1,2,5
1863,1,45,2,1,3
1866,1,69,1,1,3
1867,1,26,2,1,NA
1869,1,27,2,1,4
1872,0,47,2,2,5
1874,1,19,3,1,5
1875,1,29,2,1,3
1876,1,41,3,1,4
1877,1,24,2,2,4
1878,0,17,2,2,3
1879,1,41,3,2,NA
1880,0,61,2,3,2
1883,1,68,3,1,4
1885,0,64,2,3,2
1886,1,39,2,2,3
1887,1,54,2,2,5
1889,1,73,3,2,4
1891,1,32,2,1,NA
1892,1,50,1,1,4
1893,1,21,3,1,5
1896,0,59,3,2,2
1897,0,18,2,1,4
1900,1,40,3,1,5
1904,0,61,2,3,2
1905,1,35,3,1,5
1906,1,60,2,2,4
1907,1,47,3,2,5
1908,1,43,3,2,4
1909,1,29,2,2,1
1910,1,42,2,3,3
1911,1,79,2,2,4
1913,1,35,2,2,5
1914,1,49,3,3,1
1915,1,19,2,2,1
1916,1,61,2,1,4
1917,1,42,3,1,2
1923,1,36,3,1,5
1926,1,28,3,2,3
1927,1,53,2,6,5
1928,1,41,2,3,3
1929,0,24,2,1,4
1930,1,44,2,2,4
1931,1,41,3,2,3
1932,1,25,NA,2,3
1933,1,30,2,2,5
1934,1,43,3,2,2
1936,1,33,1,1,4
1939,1,48,3,2,4
1940,1,40,1,6,1
1941,1,19,3,2,4
1945,1,45,2,1,4
1946,1,26,2,1,3
1947,1,44,2,2,3
1948,1,26,3,2,NA
1949,1,36,2,1,4
1950,0,78,2,NA,4
1952,1,19,2,3,1
1953,1,50,2,2,4
1954,1,37,2,3,1
1955,0,58,2,2,4
1956,1,46,2,2,5
1958,1,21,3,2,3
1959,1,53,2,6,1
1961,1,40,2,1,4
1962,1,65,2,2,5
1963,1,23,2,2,5
1964,0,61,2,2,4
1965,1,36,2,2,4
1966,0,78,3,2,2
1968,1,22,3,2,4
1969,0,63,3,1,NA
1970,1,40,3,1,4
1971,1,31,3,2,4
1972,1,55,2,2,4
1973,1,55,NA,6,NA
1974,0,71,2,2,NA
1975,1,31,2,6,1
1976,0,44,3,3,4
1977,1,66,2,2,4
1981,0,51,2,1,2
1982,0,46,2,2,NA
1983,0,30,2,1,1
1984,1,30,1,1,5
1987,1,75,3,1,4
1990,0,17,2,1,1
1991,1,41,2,1,5
1992,1,19,3,2,4
1993,1,21,2,2,3
1994,0,74,3,1,2
1995,0,37,2,2,3
1997,1,46,2,3,5
1998,1,34,3,4,NA
2000,0,50,2,2,2
2001,1,23,3,2,3
2002,1,23,NA,3,4
2004,1,52,2,2,4
2005,1,32,2,1,4
2007,0,25,2,5,3
2012,1,54,1,3,4
2014,0,47,3,2,5
2016,1,27,3,1,5
2017,1,39,2,1,NA
2018,1,24,3,1,3
2019,0,26,3,1,3
2020,1,22,2,1,4
2021,1,46,3,1,4
2025,0,24,1,3,1
2026,1,23,2,1,5
2027,0,25,3,3,3
2028,0,44,2,1,NA
2030,0,71,2,3,2
2032,1,54,3,1,4
2034,1,29,1,2,3
2037,1,28,2,1,4
2038,1,40,3,2,4
2041,0,21,2,1,1
2042,1,41,2,6,2
2043,0,67,2,6,3
2045,1,39,2,2,2
2046,1,37,3,2,4
2047,1,33,2,3,NA
2049,0,58,3,2,5
2050,1,28,2,2,4
2051,0,63,3,3,1
2052,1,39,2,3,4
2053,1,36,1,2,4
2054,1,45,2,2,4
2058,1,20,2,1,5
2061,0,36,2,2,5
2062,1,41,2,1,3
2063,1,40,3,3,5
2064,1,64,2,2,2
2066,1,46,2,1,4
2067,1,41,3,1,5
2068,1,47,2,2,3
2072,0,55,2,1,4
2073,1,23,1,2,4
2076,1,36,2,3,5
2077,1,19,3,2,2
2079,0,62,NA,3,2
2080,0,37,2,3,1
2083,1,31,2,3,NA
2086,1,43,3,2,4
2090,1,28,2,1,4
2091,1,25,1,2,2
2092,1,51,2,2,3
2093,1,22,2,2,3
2094,1,45,2,1,5
2095,1,56,2,2,4
2098,0,73,2,2,1
2100,1,36,2,2,3
2101,1,22,2,1,5
2102,0,29,1,1,2
2103,1,74,2,2,4
2104,0,28,2,1,1
2105,1,21,2,1,5
2106,1,69,3,2,3
2107,0,39,3,2,4
2108,1,24,2,1,5
2109,1,49,3,1,4
2110,1,65,2,6,1
2112,1,34,3,2,3
2113,0,26,3,2,4
2114,1,45,1,3,1
2116,0,44,1,3,5
2121,1,54,2,2,3
2122,1,44,3,1,5
2123,0,36,2,4,2
2125,1,52,2,1,3
2129,0,46,2,1,2
2130,1,41,2,1,4
2131,1,52,2,2,3
2133,1,35,2,1,4
2135,0,28,2,2,2
2136,1,26,2,1,5
2138,1,37,2,3,4
2139,1,39,2,2,5
2140,0,47,NA,1,5
2143,1,38,3,5,1
2144,0,46,2,3,1
2145,1,35,1,1,4
2146,1,79,2,1,4
2149,0,18,3,2,4
2150,1,31,1,3,1
2151,1,36,1,3,5
2152,1,68,2,2,3
2153,0,53,NA,1,5
2154,1,16,NA,1,4
2157,0,58,2,2,4
2159,1,42,3,1,4
2160,1,27,2,2,3
2161,1,28,3,1,4
2162,0,43,2,2,2
2163,0,48,3,2,NA
2164,0,25,2,3,2
2166,1,33,2,2,5
2169,1,30,2,1,3
2173,0,55,2,1,4
2175,1,44,2,2,3
2178,1,57,3,1,5
2179,0,42,2,1,5
2180,1,53,2,3,3
2181,0,58,1,1,4
2184,NA,23,2,1,3
2187,1,28,2,1,4
2188,1,51,2,1,4
2189,0,26,2,2,1
2190,1,50,3,2,3
2192,1,55,3,4,3
2193,1,62,3,2,4
2197,1,24,2,2,3
2198,0,43,NA,6,4
2200,1,38,3,2,2
2201,1,50,2,2,2
2202,0,24,1,6,1
2203,1,54,3,2,1
2204,1,24,2,1,5
2208,0,26,2,1,4
2209,0,38,3,2,2
2210,0,59,1,5,1
2212,0,76,2,4,4
2213,1,45,2,2,4
2214,1,24,2,2,4
2215,0,39,1,2,2
2216,1,45,3,2,3
2217,0,24,2,5,1
2219,1,31,2,1,3
2220,1,35,2,1,4
2222,1,55,2,2,3
2223,0,23,2,1,2
2224,1,21,2,1,5
2225,0,22,2,1,NA
2226,0,55,2,3,2
2227,1,79,3,2,4
2228,0,20,2,6,1
2229,1,33,1,2,5
2230,0,30,2,1,2
2231,1,27,3,1,5
2233,1,34,2,1,4
2234,0,62,3,6,1
2235,0,38,2,1,4
2236,0,65,2,2,2
2240,0,42,2,6,1
2241,0,48,2,3,2
2245,1,32,3,2,5
2246,1,29,3,1,3
2247,0,33,2,2,2
2250,0,18,2,1,5
2251,1,43,1,2,5
2255,1,32,2,2,5
2256,0,29,2,1,4
2257,1,39,2,2,4
2259,1,22,2,2,5
2260,0,53,2,1,2
2263,0,49,2,2,5
2265,1,47,3,1,4
2268,1,23,2,1,4
2269,0,61,3,2,4
2270,0,73,2,5,2
2271,1,19,2,1,4
2274,1,47,2,2,4
2276,1,22,2,2,2
2278,0,20,2,1,1
2279,1,19,2,1,5
2280,0,52,3,6,2
2281,0,22,2,2,4
2283,1,33,2,1,1
2284,0,23,2,5,1
2285,1,22,1,1,5
2286,1,22,2,1,5
2287,1,53,3,2,4
2288,1,50,2,3,4
2289,0,20,2,1,4
2291,0,43,2,6,1
2295,0,48,1,1,4
2296,0,67,2,5,1
2297,1,58,2,2,4
2298,0,55,2,2,4
2299,1,26,2,1,4
2300,1,26,2,2,4
2302,0,45,2,2,5
2303,1,38,2,2,2
2304,1,41,1,3,4
2305,0,58,2,6,1
2306,1,44,2,1,4
2308,1,24,3,1,4
2310,1,40,3,1,4
2311,1,38,1,1,5
2312,1,31,2,2,4
2313,0,20,2,2,NA
2314,1,34,2,2,5
2315,0,64,2,4,2
2319,1,68,2,2,3
2321,1,55,3,2,2
2322,0,61,3,1,4
2323,0,56,3,3,3
2325,1,23,3,2,5
2326,0,16,3,5,1
2331,0,58,2,1,4
2332,1,32,3,2,5
2337,0,65,2,2,NA
2340,1,28,3,1,5
2341,1,22,NA,2,5
2345,0,79,2,3,NA
2346,0,48,2,2,1
2347,0,37,2,6,1
2349,1,28,2,1,5
2353,1,30,2,2,3
2355,0,65,NA,3,2
2356,1,30,3,2,4
2357,0,40,3,6,1
2358,0,73,2,3,4
2359,1,22,2,1,5
2360,1,43,3,2,2
2361,1,25,2,2,5
2362,1,38,2,1,5
2364,1,44,2,2,5
2366,1,20,2,2,4
2367,1,32,3,1,5
2368,1,33,3,2,NA
2370,1,42,2,2,NA
2372,0,54,3,2,4
2376,0,43,2,1,4
2379,0,39,1,4,1
2381,0,68,2,5,2
2382,0,50,2,2,4
2383,0,21,2,1,4
2384,1,26,2,3,4
2387,0,63,2,3,4
2389,0,68,3,2,4
2390,1,41,1,3,5
2391,1,37,1,3,4
2393,0,19,3,5,2
2394,0,17,2,3,2
2395,1,68,3,3,4
2398,0,20,2,2,1
2400,0,23,2,1,5
2403,0,46,1,6,4
2407,1,27,3,1,5
2408,0,31,2,1,5
2411,1,54,2,2,5
2412,1,40,3,1,4
2413,1,27,3,2,4
2414,1,34,3,1,5
2416,0,46,3,2,5
2419,1,45,3,1,5
2420,0,61,2,1,2
2425,1,31,2,2,2
2426,0,61,2,3,4
2429,1,56,2,2,2
2430,1,40,3,1,4
2433,1,28,2,2,5
2435,0,32,2,3,3
2436,0,49,3,3,3
2442,1,33,2,1,4
2446,0,62,2,3,3
2447,1,25,3,2,4
2448,1,55,3,1,5
2449,0,71,3,2,2
2451,1,40,2,3,5
2452,1,47,1,2,4
2453,0,30,2,2,4
2454,0,37,2,2,2
2455,1,54,2,2,4
2456,0,76,2,3,2
2458,1,72,2,1,4
2460,0,17,3,1,5
2463,1,74,2,1,4
2464,0,34,2,1,5
2466,0,31,2,1,5
2468,0,45,1,2,2
2469,0,66,2,4,3
2470,1,40,2,1,4
2471,1,63,3,1,4
2477,1,30,1,1,5
2478,1,51,2,1,4
2480,0,76,3,1,4
2481,1,72,3,1,NA
2483,1,38,2,2,2
2484,0,16,2,1,4
2485,1,25,2,1,5
2486,0,61,3,2,4
2487,1,30,2,1,2
2489,1,48,3,2,5
2491,1,29,2,1,5
2492,0,23,3,3,5
2494,1,77,2,1,4
2496,0,20,2,1,2
2497,1,28,2,1,5
2498,0,54,1,2,5
2500,1,32,1,2,3
2502,0,39,2,2,5
2505,0,42,1,2,4
2507,1,25,3,1,4
2509,0,52,3,6,1
2510,1,37,3,2,5
2511,0,33,2,6,4
2512,0,58,2,1,4
2514,0,33,2,1,2
2515,1,20,3,5,1
2516,0,65,3,2,5
2517,1,27,2,2,5
2519,1,22,2,1,4
2520,0,24,NA,1,2
2522,1,23,2,2,3
2523,1,41,3,2,2
2524,1,36,2,1,5
2527,0,61,3,2,4
2529,0,54,3,2,5
2530,0,35,2,2,4
2531,1,35,1,1,4
2533,1,55,2,2,4
2534,1,71,2,2,4
2535,0,60,2,6,1
2536,1,19,2,2,4
2537,0,42,2,3,2
2539,1,63,3,2,2
2541,0,28,2,1,4
2543,1,20,2,1,5
2544,1,29,2,1,5
2545,NA,23,2,1,3
2549,1,36,2,1,5
2550,1,41,3,2,4
2551,0,79,2,3,NA
2554,0,18,1,2,4
2555,1,49,3,1,4
2556,0,26,3,3,2
2557,0,41,2,3,4
2559,0,45,1,1,5
2560,1,22,1,1,5
2561,0,69,3,6,2
2563,0,16,2,6,1
2564,0,64,2,2,4
2566,1,48,3,1,4
2567,1,23,1,2,5
2569,0,72,2,2,1
2570,1,48,2,2,3
2572,0,22,2,1,2
2573,1,47,2,2,NA
2574,0,37,3,2,4
2576,0,27,2,3,NA
2577,1,39,3,1,5
2578,1,51,3,2,NA
2579,1,31,2,1,4
2582,0,71,2,2,5
2583,0,25,2,1,4
2584,1,27,3,1,4
2586,1,24,2,2,NA
2588,1,42,2,6,1
2593,0,60,2,2,3
2595,0,26,2,3,1
2597,1,68,3,2,4
2598,1,36,2,2,4
2599,0,60,3,2,2
2600,0,22,2,1,1
2601,0,20,3,1,1
2602,0,28,2,2,2
2603,1,45,2,1,5
2605,0,38,3,5,2
2606,1,25,3,1,5
2608,1,42,2,2,3
2609,1,22,NA,1,5
2610,0,16,NA,3,3
2612,1,20,2,1,4
2614,1,48,3,2,4
2615,1,65,2,1,4
2616,0,36,1,3,5
2617,0,52,3,2,2
2619,1,46,3,2,3
2621,1,19,2,2,NA
2623,1,24,3,2,1
2624,1,58,3,3,4
2626,1,42,2,2,NA
2627,1,35,2,2,2
2629,0,43,NA,2,4
2633,0,32,3,5,5
2634,1,41,2,3,3
2635,0,73,3,1,4
2638,0,61,1,1,3
2640,1,42,2,1,1
2641,0,26,2,1,3
2642,1,35,3,1,5
2643,1,57,3,1,4
2645,0,41,2,1,5
2646,1,59,1,1,5
2647,1,44,3,2,4
2648,1,30,2,2,4
2649,0,47,2,2,2
2650,1,34,1,1,5
2651,1,48,3,2,4
2653,1,23,2,2,4
2654,1,23,1,2,4
2656,1,42,3,2,4
2657,1,20,2,1,5
2658,1,54,3,1,4
2660,1,36,2,1,5
2661,1,39,3,1,4
2662,0,21,1,2,4
2663,0,76,2,1,4
2664,1,38,2,1,5
2665,0,28,1,2,1
2666,1,47,2,2,4
2668,0,67,1,1,3
2670,0,52,2,1,2
2672,0,27,2,2,4
2674,0,68,2,2,5
2676,0,42,2,6,2
2678,1,18,2,2,5
2679,1,26,1,1,4
2682,1,24,NA,2,5
2684,0,41,2,6,4
2685,1,45,2,2,2
2686,1,34,2,1,5
2690,1,73,2,1,5
2691,0,39,3,6,1
2692,1,33,2,1,5
2694,1,18,2,2,2
2695,1,21,3,2,5
2696,1,45,2,2,4
2697,0,21,2,1,3
2698,0,37,1,1,5
2700,1,47,2,2,4
2701,0,36,1,2,NA
2705,1,47,2,1,5
2708,0,17,3,5,1
2709,0,38,3,2,2
2710,1,22,2,1,5
2713,0,74,2,NA,2
2715,0,38,2,2,4
2716,0,37,2,2,5
2718,1,20,2,3,5
2719,1,34,3,3,5
2721,0,66,2,5,1
2722,1,64,2,2,4
2724,1,35,2,2,4
2725,1,52,1,1,4
2726,0,41,2,3,2
2727,1,37,2,1,5
2729,0,33,3,1,1
2730,0,45,2,2,4
2731,0,61,1,2,3
2732,1,57,3,1,4
2733,0,21,2,2,2
2734,0,50,3,3,4
2735,0,36,NA,2,2
2738,1,22,2,1,4
2740,1,41,1,1,4
2741,NA,66,2,2,4
2742,1,50,2,1,4
2743,1,23,2,2,5
2744,1,44,3,1,4
2745,1,73,2,2,4
2747,0,32,2,2,3
2748,1,22,2,2,1
2749,0,26,NA,6,2
2750,0,54,2,1,3
2753,1,74,2,6,1
2755,0,35,2,2,3
2756,1,30,2,1,4
2758,0,57,2,2,1
2759,1,30,2,1,5
2760,1,38,2,1,5
2761,0,65,2,2,3
2762,0,37,2,1,2
2770,1,47,3,2,5
2772,1,37,2,1,5
2773,1,32,3,1,2
2774,0,35,3,2,5
2775,1,28,3,6,1
2776,0,62,2,2,NA
2777,0,16,3,2,4
2778,1,49,2,1,5
2781,1,32,2,1,4
2783,1,21,3,1,4
2785,0,60,2,2,3
2787,1,29,3,2,4
2788,0,20,3,5,1
2790,0,67,3,1,2
2791,0,56,3,4,2
2793,1,42,3,2,5
2797,1,36,3,2,2
2798,0,43,1,2,3
2799,0,16,NA,2,5
2800,0,66,2,1,5
2804,1,25,3,2,5
2805,1,46,2,2,4
2808,0,22,NA,2,2
2813,0,59,2,2,4
2814,0,46,2,2,3
2816,0,44,NA,2,4
2818,1,21,2,2,4
2819,1,33,1,1,5
2820,0,69,3,6,2
2821,1,38,2,2,5
2823,1,21,2,2,5
2824,0,42,2,2,3
2825,1,36,3,2,4
2826,0,72,3,2,3
2827,0,61,2,2,4
2829,1,24,2,1,5
2830,1,23,2,1,5
2831,0,70,2,6,1
2832,0,57,1,6,2
2833,1,31,2,1,5
2835,1,35,2,6,1
2837,1,26,1,2,4
2839,1,49,3,1,4
2840,1,41,2,1,5
2841,1,50,2,2,4
2842,1,35,3,1,5
2844,0,33,2,2,4
2845,1,67,1,2,5
2847,1,56,3,3,4
2848,1,21,3,1,5
2855,1,33,2,2,5
2858,1,28,1,1,5
2859,0,48,2,2,4
2861,0,42,NA,2,2
2862,0,59,3,2,3
2863,1,20,2,1,5
2865,1,58,2,3,4
2866,0,21,3,2,3
2867,1,26,2,1,4
2870,1,35,3,1,5
2871,1,27,2,2,4
2873,0,45,2,1,5
2874,1,47,3,1,5
2876,0,30,1,1,5
2878,0,69,2,2,2
2880,0,46,3,1,2
2882,0,23,2,1,2
2883,0,27,3,1,5
2886,0,60,2,2,4
2887,0,19,3,5,2
2889,1,34,2,1,4
2891,0,45,2,3,2
2892,NA,56,2,NA,3
2893,1,30,3,1,4
2896,1,35,1,1,5
2897,0,47,3,1,5
2898,0,31,2,2,3
2900,1,29,2,1,5
2901,0,43,1,2,2
2902,1,63,2,3,4
2907,0,36,3,2,2
2908,0,16,2,2,4
2909,0,38,2,2,1
2910,0,39,3,1,3
2911,1,43,3,2,5
2912,1,31,2,1,4
2913,1,20,2,1,5
2915,1,51,3,1,5
2917,0,44,3,3,1
2920,0,28,2,1,3
2922,1,39,2,2,3
2924,1,67,2,1,5
2925,1,38,1,2,5
2926,1,33,2,2,4
2927,1,21,2,2,4
2932,0,50,3,2,3
2936,0,34,1,1,3
2937,0,51,2,6,2
2938,0,56,2,2,2
2939,1,35,2,2,4
2941,0,47,2,2,2
2942,1,35,3,2,4
2943,1,19,3,2,5
2944,0,41,2,3,2
2945,1,45,2,2,4
2947,1,20,2,2,4
2948,1,26,2,1,4
2949,0,48,2,2,4
2953,1,72,2,2,4
2954,0,51,1,2,2
2958,1,58,2,1,4
2959,0,67,2,3,3
2960,0,33,3,3,2
2962,0,26,1,1,4
2963,1,39,2,2,4
2966,1,47,3,2,4
2967,0,19,3,3,3
2968,1,23,2,2,4
2969,0,44,2,2,4
2973,0,43,3,2,1
2975,1,23,2,2,4
2978,0,53,3,1,4
2979,1,19,NA,1,5
2980,0,17,3,3,4
2981,1,34,3,1,NA
2985,0,18,2,1,2
2986,0,29,3,2,1
2989,1,17,3,1,2
2995,1,54,2,2,4
2997,0,29,2,1,2
2998,0,29,3,2,2
2999,1,39,2,3,4
3000,1,24,2,1,4
3003,0,18,2,3,2
3004,1,44,2,1,4
3005,1,35,2,1,5
3006,1,27,3,2,5
3007,0,18,2,3,4
3009,1,39,2,2,4
3010,1,65,2,2,4
3011,1,35,2,1,5
3012,0,21,2,5,1
3014,1,22,2,2,NA
3015,1,49,3,1,4
3017,0,36,2,2,4
3018,0,63,2,1,1
3019,0,23,1,3,3
3021,1,77,3,3,1
3023,0,16,1,1,3
3024,1,31,3,1,5
3026,1,22,2,2,4
3027,0,62,2,5,2
3028,1,35,2,1,4
3029,0,50,3,2,2
3030,0,76,2,6,1
3032,1,61,3,6,3
3034,1,38,2,2,2
3035,1,24,2,2,2
3040,1,18,1,2,NA
3041,1,64,2,2,4
3042,0,70,3,1,2
3044,1,19,2,2,3
3046,1,44,NA,1,4
3047,1,21,3,5,1
3048,1,49,2,2,5
3050,1,45,2,3,2
3051,1,29,1,2,3
3052,1,32,2,2,5
3053,0,19,2,1,5
3055,0,42,2,3,4
3057,1,34,2,2,2
3059,0,23,3,3,5
3060,1,62,2,6,1
3061,1,34,2,2,4
3062,1,39,2,4,2
3063,1,30,2,2,2
3064,1,25,3,2,3
3065,1,48,3,2,5
3067,1,46,2,2,5
3069,1,41,1,2,5
3072,1,41,3,1,5
3073,0,33,1,2,3
3075,0,18,3,2,5
3076,1,29,NA,1,4
3079,1,31,NA,3,3
3080,1,70,2,2,4
3082,1,37,2,1,5
3083,1,63,3,2,2
3084,1,43,1,1,4
3086,1,51,2,1,4
3087,1,30,2,1,4
3088,1,53,2,2,1
3089,1,34,2,1,4
3091,1,21,3,2,1
3092,1,31,2,1,4
3093,1,38,1,2,NA
3095,1,48,3,1,3
3097,1,38,2,2,4
3099,1,21,2,1,1
3100,1,21,2,1,5
3101,1,39,2,2,5
3102,0,19,2,5,4
3104,0,16,2,1,4
3105,1,50,2,3,4
3108,0,71,2,2,3
3109,1,29,2,2,3
3110,1,23,2,1,3
3112,0,42,2,2,4
3115,1,57,3,1,4
3116,1,47,2,2,4
3117,0,55,2,2,2
3120,1,58,2,1,5
3121,1,57,3,1,1
3122,1,25,1,1,4
3124,0,68,2,2,NA
3125,1,20,2,2,4
3126,1,26,1,6,3
3127,1,40,1,2,4
3128,0,47,2,2,4
3129,1,30,1,1,5
3130,0,17,3,1,4
3131,0,23,2,2,4
3132,1,25,2,1,4
3134,1,36,3,1,5
3137,1,43,3,1,4
3140,1,43,3,1,3
3141,1,27,2,2,4
3142,0,67,3,4,4
3143,0,18,2,1,3
3144,0,45,2,3,5
3146,0,29,3,1,5
3147,1,32,2,2,2
3149,0,51,2,1,2
3151,1,75,2,1,3
3154,1,22,2,1,5
3155,1,18,2,1,1
3157,1,50,3,2,4
3158,1,32,2,1,3
3160,1,29,3,2,NA
3163,1,42,2,1,4
3164,1,30,2,1,NA
3166,1,39,2,2,5
3167,1,32,3,2,2
3169,1,43,3,3,4
3172,0,57,2,4,2
3173,0,37,2,1,2
3175,0,50,2,3,2
3176,1,37,2,1,4
3177,0,67,1,2,5
3178,1,29,1,1,5
3181,1,40,2,2,2
3182,1,29,3,5,1
3183,1,42,2,1,1
3184,1,40,3,2,5
3185,1,62,3,1,2
3186,1,57,2,2,5
3188,0,73,2,2,NA
3190,1,34,NA,1,4
3194,1,32,3,1,5
3195,1,25,2,1,5
3196,0,65,2,NA,2
3203,1,50,2,2,5
3205,1,18,2,1,5
3207,1,45,3,1,4
3208,1,33,2,1,5
3211,0,59,3,3,2
3214,1,23,2,1,5
3216,1,33,2,1,4
3219,1,20,2,1,5
3220,0,42,1,1,4
3221,1,48,3,4,4
3222,0,29,2,1,4
3224,0,27,2,2,3
3225,1,24,2,1,4
3226,1,21,2,3,2
3227,0,57,2,6,2
3228,1,51,3,1,5
3229,0,49,2,1,5
3230,1,36,2,2,5
3233,1,65,2,3,1
3234,0,66,1,2,4
3237,1,32,2,3,4
3240,0,61,2,2,1
3241,1,29,2,2,1
3243,0,28,1,1,5
3244,0,41,3,2,4
3246,1,23,3,2,2
3248,1,49,3,2,4
3249,1,41,3,1,5
3251,1,27,2,1,4
3253,1,57,3,4,3
3258,0,56,2,2,3
3260,1,24,NA,1,4
3261,0,38,2,2,4
3262,1,73,2,6,1
3263,1,36,2,5,1
3265,1,66,2,2,4
3266,1,35,NA,1,4
3268,1,46,2,2,NA
3270,1,41,3,1,4
3272,1,65,3,6,1
3273,0,65,1,2,5
3274,1,23,2,1,5
3275,1,26,2,1,2
3276,1,55,3,4,2
3277,1,40,3,4,3
3278,1,23,1,1,5
3279,0,63,2,3,1
3284,1,61,2,2,4
3285,0,65,2,2,3
3286,1,46,3,2,4
3288,1,32,2,4,2
3289,1,73,2,1,4
3290,1,28,2,2,4
3291,0,17,1,2,5
3292,1,19,3,1,5
3293,1,32,1,3,5
3295,1,31,2,1,4
3297,1,25,2,1,4
3298,0,44,3,1,5
3299,1,24,3,2,4
3301,1,60,3,1,3
3302,1,21,2,1,3
3303,1,38,3,5,1
3305,1,42,3,2,5
3307,1,41,3,1,5
3310,1,44,2,1,5
3311,1,64,2,2,NA
3312,1,32,2,6,2
3313,0,16,3,2,5
3314,1,32,2,2,5
3315,0,68,2,2,5
3316,1,20,2,1,4
3318,1,61,2,2,5
3320,0,32,1,2,5
3321,1,68,2,2,5
3324,1,25,2,2,2
3325,0,76,3,2,4
3327,1,79,3,2,4
3328,1,19,2,2,4
3330,1,35,2,3,5
3331,1,24,2,2,4
3333,1,50,2,3,4
3334,1,37,3,2,3
3335,1,45,3,3,2
3336,0,46,1,1,4
3337,1,42,3,2,4
3339,0,24,2,1,3
3340,0,56,2,3,5
3341,1,61,2,2,2
3342,1,69,2,3,2
3343,0,18,2,2,5
3345,1,38,3,6,1
3346,1,68,1,3,3
3351,1,21,1,1,4
3352,1,32,2,2,3
3353,0,64,2,5,1
3354,1,25,3,1,5
3355,1,25,2,3,4
3356,1,41,2,2,5
3358,1,25,2,2,3
3359,0,24,2,1,NA
3360,1,23,2,3,5
3362,1,27,2,2,2
3363,0,16,2,2,NA
3364,1,50,2,2,4
3365,1,47,2,2,4
3366,1,26,3,1,5
3368,1,23,2,1,5
3369,0,26,2,1,5
3370,1,18,3,1,4
3372,0,25,2,1,1
3373,0,57,2,2,2
3374,1,34,2,1,4
3376,1,29,2,2,3
3379,1,61,2,3,2
3380,1,46,2,2,4
3382,1,74,2,3,NA
3385,1,32,3,2,4
3387,1,20,3,2,4
3389,1,26,2,1,3
3390,0,22,2,1,4
3394,0,29,2,1,5
3395,1,22,2,3,5
3398,1,26,2,1,5
3402,1,39,2,3,3
3403,1,37,3,1,5
3404,1,59,2,1,3
3408,1,37,2,1,2
3409,0,33,3,1,5
3410,1,32,3,1,4
3411,1,25,2,1,5
3412,1,25,2,1,5
3413,1,70,2,2,4
3415,0,35,NA,2,3
3416,0,52,NA,NA,2
3419,1,52,3,1,4
3423,0,37,2,2,3
3426,1,27,2,2,4
3427,1,20,2,2,3
3428,1,61,3,2,3
3429,1,29,2,3,1
3430,1,33,2,1,5
3432,0,34,1,1,3
3434,1,26,2,2,4
3435,0,17,2,2,4
3436,1,17,1,1,5
3442,0,64,3,1,4
3443,1,44,3,2,4
3444,1,37,2,3,2
3448,0,30,2,2,2
3449,1,21,NA,2,4
3450,1,57,3,2,4
3454,1,48,2,6,1
3456,1,61,3,2,4
3457,0,57,2,2,5
3459,1,40,2,2,4
3460,1,74,2,3,1
3461,0,59,2,2,4
3463,1,31,2,3,4
3464,0,16,1,2,4
3466,1,26,2,5,2
3469,1,37,2,5,1
3470,0,45,2,2,4
3471,0,16,1,2,5
3473,1,29,2,3,4
3476,0,32,1,1,5
3478,1,46,3,1,5
3480,0,56,2,2,5
3481,1,21,NA,1,4
3482,1,46,2,2,4
3483,1,21,1,1,4
3484,1,19,3,2,3
3485,1,23,3,2,4
3486,1,53,2,1,4
3487,0,44,3,2,3
3488,0,76,2,3,1
3491,1,70,3,5,1
3492,1,29,2,2,4
3496,1,28,3,2,NA
3497,1,35,2,1,4
3499,1,49,2,3,4
